{
  "lMhMXzRH-Hc": {
    "user_name": "Hosein Shirvani",
    "user_url": "https://unsplash.com/@seeplus?utm_source=unsample&utm_medium=referral&utm_campaign=api-credit",
    "photo_url": "https://unsplash.com/photos/lMhMXzRH-Hc?utm_source=unsample&utm_medium=referral&utm_campaign=api-credit"
  },
  "IO9gxLXqfhE": {
    "user_name": "Ali Karimiboroujeni",
    "user_url": "https://unsplash.com/@alikarimi_photography?utm_source=unsample&utm_medium=referral&utm_campaign=api-credit",
    "photo_url": "https://unsplash.com/photos/IO9gxLXqfhE?utm_source=unsample&utm_medium=referral&utm_campaign=api-credit"
  },
  "2ViRvr8_sNM": {
    "user_name": "Omar Lopez",
    "user_url": "https://unsplash.com/@omarlopez1?utm_source=unsample&utm_medium=referral&utm_campaign=api-credit",
    "photo_url": "https://unsplash.com/photos/2ViRvr8_sNM?utm_source=unsample&utm_medium=referral&utm_campaign=api-credit"
  },
  "kAWOc9TxJZQ": {
    "user_name": "Annie Spratt",
    "user_url": "https://unsplash.com/@anniespratt?utm_source=unsample&utm_medium=referral&utm_campaign=api-credit",
    "photo_url": "https://unsplash.com/photos/kAWOc9TxJZQ?utm_source=unsample&utm_medium=referral&utm_campaign=api-credit"
  },
  "fwa8za2UlUo": {
    "user_name": "Ellen Borglund",
    "user_url": "https://unsplash.com/@ellenborglund?utm_source=unsample&utm_medium=referral&utm_campaign=api-credit",
    "photo_url": "https://unsplash.com/photos/fwa8za2UlUo?utm_source=unsample&utm_medium=referral&utm_campaign=api-credit"
  },
  "HuQiJl0DrBE": {
    "user_name": "Kevin Wong",
    "user_url": "https://unsplash.com/@kevin_w_?utm_source=unsample&utm_medium=referral&utm_campaign=api-credit",
    "photo_url": "https://unsplash.com/photos/HuQiJl0DrBE?utm_source=unsample&utm_medium=referral&utm_campaign=api-credit"
  },
  "PtVcH4jXnzI": {
    "user_name": "Brian Breeden",
    "user_url": "https://unsplash.com/@bcbreeden?utm_source=unsample&utm_medium=referral&utm_campaign=api-credit",
    "photo_url": "https://unsplash.com/photos/PtVcH4jXnzI?utm_source=unsample&utm_medium=referral&utm_campaign=api-credit"
  }
}